grain_id,x_A,y_A,z_A
0,61.5479295130,33.0448333004,69.2502216993
1,8.0297410790,43.0395235198,98.2982116292
2,63.1285497029,58.8232111385,98.7910827912
3,38.8181967448,2.8467707432,2.2147913618
4,52.5444902964,1.6971696021,39.7062925513
5,50.0713619545,77.1270964803,10.3489815425
6,49.7454137043,60.3763259496,37.6239736897
7,74.1780264561,3.0252587198,88.7005811931
