{
  "n_per_sample": 500,
  "B": 10000,
  "seed": 20260425,
  "observed_ours": {
    "sample_mean": -6.9060294102940585,
    "sample_std": 15.073055413897888,
    "sample_skew": -0.21261430071395754,
    "skewnorm_mu": 6.343031002810115,
    "skewnorm_sigma": 20.056918663223495,
    "skewnorm_alpha": -1.4650703593561794
  },
  "stats": {
    "sample_mean": {
      "boot_mean": -6.81835265253357,
      "boot_std": 0.7120521388952358,
      "CI95": [
        -8.228263756954641,
        -5.41660351984658
      ],
      "ours": -6.9060294102940585,
      "z": -0.1231324968653568,
      "percentile": 44.86,
      "inside95": true
    },
    "sample_std": {
      "boot_mean": 15.846858424913478,
      "boot_std": 0.48731366999422776,
      "CI95": [
        14.89397458100313,
        16.806093355817442
      ],
      "ours": 15.073055413897888,
      "z": -1.5878951456969288,
      "percentile": 5.59,
      "inside95": true
    },
    "sample_skew": {
      "boot_mean": -0.2222137683542941,
      "boot_std": 0.09196214232720236,
      "CI95": [
        -0.40193355108798523,
        -0.04253031491679739
      ],
      "ours": -0.21261430071395754,
      "z": 0.10438499362250116,
      "percentile": 54.92,
      "inside95": true
    },
    "skewnorm_mu": {
      "boot_mean": 6.253767892112905,
      "boot_std": 2.8853158414937723,
      "CI95": [
        -0.2549694012139861,
        10.327891866843489
      ],
      "ours": 6.343031002810115,
      "z": 0.03093703275513734,
      "percentile": 43.89,
      "inside95": true
    },
    "skewnorm_sigma": {
      "boot_mean": 20.664921797025464,
      "boot_std": 1.5750488158777156,
      "CI95": [
        17.085863300293425,
        23.4418565353684
      ],
      "ours": 20.056918663223495,
      "z": -0.38602177130818094,
      "percentile": 32.43,
      "inside95": true
    },
    "skewnorm_alpha": {
      "boot_mean": -1.3853699247660203,
      "boot_std": 0.39909359793564936,
      "CI95": [
        -2.118808871756414,
        -0.5586090810971088
      ],
      "ours": -1.4650703593561794,
      "z": -0.19970361589967206,
      "percentile": 42.52,
      "inside95": true
    }
  }
}