{
  "ours": {
    "moments_kjmol": {
      "n": 500,
      "min": -48.46383978049853,
      "max": 35.79385062022367,
      "mean": -6.9060294102940585,
      "median": -5.883124455254874,
      "std": 15.073055413897888,
      "skew": -0.21261430071395754
    },
    "skewnorm_fit_kjmol": {
      "mu": 6.343031002810115,
      "sigma": 20.056918663223495,
      "alpha": -1.4650703593561794
    }
  },
  "wagih": {
    "moments_kjmol": {
      "n": 82646,
      "min": -67.43350930395536,
      "max": 47.98116361386608,
      "mean": -6.813545229520307,
      "median": -5.9767194368917265,
      "std": 15.852891305740906,
      "skew": -0.22361919349734996
    },
    "skewnorm_fit_kjmol": {
      "mu": 6.718209257232715,
      "sigma": 20.84272486538385,
      "alpha": -1.3951989810257457
    }
  },
  "ks_two_sample": {
    "D": 0.025600319434697316,
    "p": 0.8920340351220338
  }
}