{
  "purpose": "Report Fig. 5 current two-branch ergodicity/bracket check.",
  "panels": [
    {
      "T": 700,
      "fd_predicted": 0.2956,
      "latest_upper_minus_lower": 0.036257374796912295,
      "lower_branch": [
        {
          "source": "hmc_T700_Xc0.10_random_targeted.json",
          "T": 700.0,
          "X_c": 0.1,
          "X_GB_mean": 0.14195844466417237,
          "CI95_half_width": 0.003438400095197719,
          "first_frame": 0.10004267648974641,
          "last_frame": 0.16005929785943712,
          "postburn_Q5_minus_Q1": 0.03389698478413487,
          "postburn_Q5_minus_Q1_over_CIHW": 9.858359657294534,
          "PE_drift_eV": -2795.600000000093,
          "fwd_over_rev_postburn": 1.6741672572643516,
          "fd_predicted": 0.2956,
          "gap_hmc_minus_fd": -0.1536415553358276,
          "swap_accept_rate": 0.07253833049403748,
          "n_frames_total": 294,
          "n_frames_postburn": 235
        },
        {
          "source": "hmc_T700_Xc0.10_random_targeted_resume.json",
          "T": 700.0,
          "X_c": 0.1,
          "X_GB_mean": 0.17440978227503123,
          "CI95_half_width": 0.0012721419386356736,
          "first_frame": 0.15964376361716942,
          "last_frame": 0.18135262011185732,
          "postburn_Q5_minus_Q1": 0.012549087322087704,
          "postburn_Q5_minus_Q1_over_CIHW": 9.86453393364749,
          "PE_drift_eV": -683.8000000000466,
          "fwd_over_rev_postburn": 1.2868025530162652,
          "fd_predicted": 0.2956,
          "gap_hmc_minus_fd": -0.12119021772496874,
          "swap_accept_rate": 0.06613023571307444,
          "n_frames_total": 301,
          "n_frames_postburn": 240
        },
        {
          "source": "hmc_T700_Xc0.10_random_targeted_resume2.json",
          "T": 700.0,
          "X_c": 0.1,
          "X_GB_mean": 0.18721956118086597,
          "CI95_half_width": 0.00045629918091086297,
          "first_frame": 0.18135262011185732,
          "last_frame": 0.1893825385773006,
          "postburn_Q5_minus_Q1": 0.004429323615073061,
          "postburn_Q5_minus_Q1_over_CIHW": 9.70706019290076,
          "PE_drift_eV": -378.30000000004657,
          "fwd_over_rev_postburn": 1.1012387868432294,
          "fd_predicted": 0.2956,
          "gap_hmc_minus_fd": -0.108380438819134,
          "swap_accept_rate": 0.06365853658536585,
          "n_frames_total": 301,
          "n_frames_postburn": 240
        }
      ],
      "upper_branch": [
        {
          "source": "hmc_T700_Xc0.10_fdseed_targeted.json",
          "T": 700.0,
          "X_c": 0.1,
          "X_GB_mean": 0.25889907758885317,
          "CI95_half_width": 0.0021941477289743327,
          "first_frame": 0.29534377035556253,
          "last_frame": 0.24820871049617035,
          "postburn_Q5_minus_Q1": -0.021640536675576333,
          "postburn_Q5_minus_Q1_over_CIHW": -9.862843959778555,
          "PE_drift_eV": -2571.5,
          "fwd_over_rev_postburn": 0.7332613390928726,
          "fd_predicted": 0.2956,
          "gap_hmc_minus_fd": -0.03670092241114681,
          "swap_accept_rate": 0.07005333333333333,
          "n_frames_total": 300,
          "n_frames_postburn": 240
        },
        {
          "source": "hmc_T700_Xc0.10_fdseed_targeted_resume.json",
          "T": 700.0,
          "X_c": 0.1,
          "X_GB_mean": 0.24178229562079318,
          "CI95_half_width": 0.0008542276163683166,
          "first_frame": 0.24820871049617035,
          "last_frame": 0.23751712674917455,
          "postburn_Q5_minus_Q1": -0.00800394757530154,
          "postburn_Q5_minus_Q1_over_CIHW": -9.369806620546537,
          "PE_drift_eV": -567.3000000000466,
          "fwd_over_rev_postburn": 0.8637676235773739,
          "fd_predicted": 0.2956,
          "gap_hmc_minus_fd": -0.0538177043792068,
          "swap_accept_rate": 0.06325853985264568,
          "n_frames_total": 300,
          "n_frames_postburn": 240
        },
        {
          "source": "hmc_T700_Xc0.10_fdseed_targeted_resume2.json",
          "T": 700.0,
          "X_c": 0.1,
          "X_GB_mean": 0.23499687413430367,
          "CI95_half_width": 0.00037772144512325523,
          "first_frame": 0.23746097347319242,
          "last_frame": 0.23236225601401586,
          "postburn_Q5_minus_Q1": -0.0037103277105186294,
          "postburn_Q5_minus_Q1_over_CIHW": -9.822920457449545,
          "PE_drift_eV": -178.0999999998603,
          "fwd_over_rev_postburn": 0.9098377078741735,
          "fd_predicted": 0.2956,
          "gap_hmc_minus_fd": -0.0606031258656963,
          "swap_accept_rate": 0.06043170320404722,
          "n_frames_total": 301,
          "n_frames_postburn": 240
        },
        {
          "source": "hmc_T700_Xc0.10_fdseed_targeted_resume3.json",
          "T": 700.0,
          "X_c": 0.1,
          "X_GB_mean": 0.23007293374662144,
          "CI95_half_width": 0.0003173034448162998,
          "first_frame": 0.23236225601401586,
          "last_frame": 0.22734215314121425,
          "postburn_Q5_minus_Q1": -0.00297963320680128,
          "postburn_Q5_minus_Q1_over_CIHW": -9.390484898537153,
          "PE_drift_eV": -238.20000000018626,
          "fwd_over_rev_postburn": 0.9174917491749175,
          "fd_predicted": 0.2956,
          "gap_hmc_minus_fd": -0.06552706625337854,
          "swap_accept_rate": 0.059097940311055065,
          "n_frames_total": 301,
          "n_frames_postburn": 240
        },
        {
          "source": "hmc_T700_Xc0.10_fdseed_targeted_resume4.json",
          "T": 700.0,
          "X_c": 0.1,
          "X_GB_mean": 0.22637543787348033,
          "CI95_half_width": 0.00030368240976656746,
          "first_frame": 0.22734215314121425,
          "last_frame": 0.22430987623817975,
          "postburn_Q5_minus_Q1": -0.002865770232513609,
          "postburn_Q5_minus_Q1_over_CIHW": -9.436734365735736,
          "PE_drift_eV": -217.89999999990687,
          "fwd_over_rev_postburn": 0.9296051017905322,
          "fd_predicted": 0.2956,
          "gap_hmc_minus_fd": -0.06922456212651965,
          "swap_accept_rate": 0.05857191247205474,
          "n_frames_total": 288,
          "n_frames_postburn": 230
        },
        {
          "source": "hmc_T700_Xc0.10_fdseed_targeted_resume5.json",
          "T": 700.0,
          "X_c": 0.1,
          "X_GB_mean": 0.22347693597777826,
          "CI95_half_width": 0.0002699264579262145,
          "first_frame": 0.22425372296219762,
          "last_frame": 0.22167067226702006,
          "postburn_Q5_minus_Q1": -0.0025874961628594983,
          "postburn_Q5_minus_Q1_over_CIHW": -9.58593011866514,
          "PE_drift_eV": -75.89999999990687,
          "fwd_over_rev_postburn": 0.935,
          "fd_predicted": 0.2956,
          "gap_hmc_minus_fd": -0.07212306402222171,
          "swap_accept_rate": 0.05823330515638208,
          "n_frames_total": 301,
          "n_frames_postburn": 240
        }
      ]
    },
    {
      "T": 800,
      "fd_predicted": 0.2734,
      "latest_upper_minus_lower": 0.024887954667389217,
      "lower_branch": [
        {
          "source": "hmc_T800_Xc0.10_random_targeted.json",
          "T": 800.0,
          "X_c": 0.1,
          "X_GB_mean": 0.1212384584220347,
          "CI95_half_width": 0.0031180242924419774,
          "first_frame": 0.10022236697288919,
          "last_frame": 0.13356618225107253,
          "postburn_Q5_minus_Q1": 0.02110086966109967,
          "postburn_Q5_minus_Q1_over_CIHW": 6.767384626299325,
          "PE_drift_eV": -2249.899999999907,
          "fwd_over_rev_postburn": 1.6550854581115158,
          "fd_predicted": 0.2734,
          "gap_hmc_minus_fd": -0.15216154157796527,
          "swap_accept_rate": 0.09147192716236723,
          "n_frames_total": 135,
          "n_frames_postburn": 108
        },
        {
          "source": "hmc_T800_Xc0.10_random_targeted_resume.json",
          "T": 800.0,
          "X_c": 0.1,
          "X_GB_mean": 0.1591317393290058,