{
  "stub": "/cluster/scratch/cainiu/hmc_AlMg/hmc_T800_Xc0.10_random_targeted",
  "T": 800.0,
  "X_c": 0.1,
  "n_atoms": 475715,
  "n_gb_atoms": 89042,
  "gb_fraction": 0.1871750943316902,
  "swap": {
    "total_attempts": 131800,
    "total_accepts": 12056,
    "accept_rate_overall": 0.09147192716236723
  },
  "thermo_prod": {
    "T_mean": 800.0091680591356,
    "T_std": 0.9139763317611576,
    "PE_initial": -1464281.3,
    "PE_final": -1466531.2,
    "PE_drift_eV": -2249.899999999907
  },
  "x_gb": {
    "n_frames_total": 135,
    "n_frames_burnin_dropped": 27,
    "block_bootstrap_block": 5,
    "mean": 0.1212384584220347,
    "ci95_lo": 0.11801636146024187,
    "ci95_hi": 0.12425241004512583,
    "x_total_mean": 0.10000105104947289,
    "enrichment_vs_bulk": 1.212384584220347
  },
  "fd_predicted": 0.2734,
  "gap_hmc_minus_fd": -0.15216154157796527,
  "swap_decomposition": {
    "note": "inter-frame type-flip counts in GB sites: forward = 1\u21922 (Mg into GB), reverse = 2\u21921. Each accepted GB-bulk swap contributes exactly +1 to one of {fwd, rev}; GB-GB swaps add +1 to BOTH so they bias the ratio toward 1. Net (fwd-rev) equals the exact change in n_Mg_GB.",
    "all_frames": {
      "fwd_gb_total": 7662,
      "rev_gb_total": 4693,
      "net_delta_n_mg_gb": 2969,
      "fwd_over_rev": 1.632644363946303,
      "imbalance_signed": 0.24030756778632134
    },
    "post_burnin": {
      "n_burn_frames_dropped": 27,
      "fwd_gb": 5907,
      "rev_gb": 3569,
      "net_delta_n_mg_gb": 2338,
      "fwd_over_rev": 1.6550854581115158,
      "imbalance_signed": 0.24672857745884338
    }
  },
  "series": {
    "timestep": [
      11000,
      12000,
      13000,
      14000,
      15000,
      16000,
      17000,
      18000,
      19000,
      20000,
      21000,
      22000,
      23000,
      24000,
      25000,
      26000,
      27000,
      28000,
      29000,
      30000,
      31000,
      32000,
      33000,
      34000,
      35000,
      36000,
      37000,
      38000,
      39000,
      40000,
      41000,
      42000,
      43000,
      44000,
      45000,
      46000,
      47000,
      48000,
      49000,
      50000,
      51000,
      52000,
      53000,
      54000,
      55000,
      56000,
      57000,
      58000,
      59000,
      60000,
      61000,
      62000,
      63000,
      64000,
      65000,
      66000,
      67000,
      68000,
      69000,
      70000,
      71000,
      72000,
      73000,
      74000,
      75000,
      76000,
      77000,
      78000,
      79000,
      80000,
      81000,
      82000,
      83000,
      84000,
      85000,
      86000,
      87000,
      88000,
      89000,
      90000,
      91000,
      92000,
      93000,
      94000,
      95000,
      96000,
      97000,
      98000,
      99000,
      100000,
      101000,
      102000,
      103000,
      104000,
      105000,
      106000,
      107000,
      108000,
      109000,
      110000,
      111000,
      112000,
      113000,
      114000,
      115000,
      116000,
      117000,
      118000,
      119000,
      120000,
      121000,
      122000,
      123000,
      124000,
      125000,
      126000,
      127000,
      128000,
      129000,
      130000,
      131000,
      132000,
      133000,
      134000,
      135000,
      136000,
      137000,
      138000,
      139000,
      140000,
      141000,
      142000,
      143000,
      144000,
      145000
    ],
    "x_gb": [
      0.10022236697288919,
      0.1004132881112284,
      0.10064913187035332,
      0.10090743693987107,
      0.10118820331978168,
      0.10161496821724579,
      0.10186204263156713,
      0.10210911704588846,
      0.10243480604658475,
      0.10281664832326318,
      0.1028278789784596,
      0.10310864535837021,
      0.10335571977269153,
      0.10362525549740571,
      0.10392848318770917,
      0.10427663349879832,
      0.1045910918442982,
      0.10479324363783384,
      0.10497293412097662,
      0.10522000853529795,
      0.10555692819119067,
      0.10572538801913704,
      0.10609599964061904,
      0.10642168864131533,
      0.10669122436602951,
      0.10712921991869005,
      0.10730891040183284,
      0.10730891040183284,
      0.10767952202331484,
      0.108027672334404,
      0.10827474674872532,
      0.10852182116304665,
      0.10890366343972507,
      0.10920689113002853,
      0.10948765750993913,
      0.10982457716583185,
      0.10990319175220682,
      0.11019518878731385,
      0.11063318433997439,
      0.11103748792704567,
      0.11117225578940275,
      0.11134071561734912,
      0.11163271265245614,
      0.11174501920442038,
      0.11210440017070596,
      0.11232901327463445,
      0.11255362637856292,
      0.11272208620650928,
      0.11299162193122347,
      0.11331731093191977,
      0.11369915320859819,
      0.11401361155409806,
      0.11436176186518722,
      0.11460883627950855,
      0.11474360414186564,
      0.11506929314256194,
      0.11529390624649043,
      0.11547359672963321,
      0.11576559376474023,
      0.11596774555827587,
      0.11637204914534714,
      0.11642820242132926,
      0.11676512207722199,
      0.11688865928438265,
      0.1172368095954718,
      0.11750634532018597,
      0.11776465038970374,
      0.11802295545922149,
      0.11837110577031064,
      0.11859571887423913,
      0.11889894656454257,
      0.11924709687563173,
      0.11955032456593517,
      0.11980862963545293,
      0.12019047191213135,
      0.12041508501605984,
      0.12075200467195256,
      0.12087554187911323,
      0.12124615350059523,
      0.12140338267334516,
      0.12168414905325577,
      0.12175153298443431,
      0.12208845264032704,
      0.12242537229621976,
      0.12269490802093394,
      0.12284090653848745,
      0.12325644078075515,
      0.12345859257429079,
      0.12362705240223715,
      0.12382920419577279,
      0.12409873992048696,
      0.12448058219716539,
      0.12472765661148671,
      0.12476134857707599,
      0.12494103906021878,
      0.12512072954336156,
      0.125131960198558,
      0.12552503313043284,
      0.12573841557916487,
      0.12589564475191484,
      0.12603041261427192,
      0.12629994833898608,
      0.12654702275330743,
      0.1268614810988073,
      0.12707486354753936,
      0.12722086206509287,
      0.1275465510657892,
      0.12780485613530693,
      0.12802946923923542,
      0.1282540823431639,
      0.12841131151591384,
      0.128680847240628,
      0.1288493070685744,
      0.1290963814828957,
      0.12933222524202062,
      0.12956806900114554,
      0.129792682105074,
      0.13005098717459176,
      0.13030929224410953,
      0.1303991374856809,
      0.13071359583118078,
      0.13085959434873431,
      0.13115159138384133,
      0.13149974169493048,
      0.13167943217807326,
      0.13182543069562677,
      0.1320612744547517,
      0.13224096493789447,
      0.13246557804182296,
      0.1326677298353586,
      0.13282495900810853,
      0.1329934188360549,
      0.13325172390557266,
      0.1334651063543047,
      0.13356618225107253
    ],